{"cameraMode":{"drawMode":0,"name":"Shaded","section":"Shading Mode"},"sceneLighting":true,"audioPlay":false,"sceneViewState":{"showFog":false,"showMaterialUpdate":false,"showSkybox":false,"showFlares":false,"showImageEffects":false,"showParticleSystems":false},"in2DMode":false,"pivot":{"x":2.854217290878296,"y":1.327446460723877,"z":-3.549020767211914},"rotation":{"x":-0.09547421336174011,"y":0.9043796062469482,"z":-0.30252450704574587,"w":-0.2854146957397461},"size":7.483456611633301,"orthographic":false}